Title,Summary,Date
Document A,This is a short summary of A.,2023-01-01
Document B,This is a short summary of B.,2023-06-15
Document C,This is a short summary of C.,2023-12-31
Document C,This is a short summary of C.,2023-12-31
Document C,This is a short summary of C.,2023-12-31
Document C,This is a short summary of C.,2023-12-31
Document C,This is a short summary of C.,2023-12-31
Document C,This is a short summary of C.,2023-12-31
Document C,This is a short summary of C.,2023-12-31
Document C,This is a short summary of C.,2023-12-31
Document C,This is a short summary of C.,2023-12-31
Document C,This is a short summary of C.,2023-12-31
Document C,This is a short summary of C.,2023-12-31
Document C,This is a short summary of C.,2023-12-31
Document C,This is a short summary of C.,2023-12-31
Document C,This is a short summary of C.,2023-12-31
Document C,This is a short summary of C.,2023-12-31
Document C,This is a short summary of C.,2023-12-31
Document C,This is a short summary of C.,2023-12-31
Document C,This is a short summary of C.,2023-12-31
Document C,This is a short summary of C.,2023-12-31
Document C,This is a short summary of C.,2023-12-31
Document C,This is a short summary of C.,2023-12-31
Document C,This is a short summary of C.,2023-12-31

